{"cameraMode":{"drawMode":0,"name":"Shaded","section":"Shading Mode"},"sceneLighting":false,"audioPlay":false,"sceneViewState":{"showFog":true,"showMaterialUpdate":true,"showSkybox":false,"showFlares":true,"showImageEffects":true,"showParticleSystems":true},"in2DMode":false,"pivot":{"x":-2.7616186141967775,"y":-7.983340263366699,"z":-10.479594230651856},"rotation":{"x":-0.26740288734436037,"y":0.6031809449195862,"z":-0.225002720952034,"w":-0.716995120048523},"size":2.563405752182007,"orthographic":false}