{"cameraMode":{"drawMode":0,"name":"Shaded","section":"Shading Mode"},"sceneLighting":false,"audioPlay":false,"sceneViewState":{"showFog":true,"showMaterialUpdate":true,"showSkybox":false,"showFlares":true,"showImageEffects":true,"showParticleSystems":true},"in2DMode":false,"pivot":{"x":218.07000732421876,"y":121.54344177246094,"z":-249.1331787109375},"rotation":{"x":-0.09294956177473068,"y":0.8308572173118591,"z":-0.14605924487113954,"w":-0.5289099812507629},"size":4.150341987609863,"orthographic":false}