{"cameraMode":{"drawMode":0,"name":"Shaded","section":"Shading Mode"},"sceneLighting":false,"audioPlay":false,"sceneViewState":{"showFog":true,"showMaterialUpdate":false,"showSkybox":false,"showFlares":true,"showImageEffects":true,"showParticleSystems":true},"in2DMode":false,"pivot":{"x":-0.05367666482925415,"y":0.32363104820251467,"z":-0.6270982027053833},"rotation":{"x":-0.029268424957990648,"y":0.9619570374488831,"z":-0.24645757675170899,"w":-0.11423493921756745},"size":2.197313070297241,"orthographic":false}