{"cameraMode":{"drawMode":0,"name":"Shaded","section":"Shading Mode"},"sceneLighting":false,"audioPlay":false,"sceneViewState":{"showFog":true,"showMaterialUpdate":true,"showSkybox":false,"showFlares":true,"showImageEffects":true,"showParticleSystems":true},"in2DMode":false,"pivot":{"x":-0.0755000039935112,"y":0.5773639678955078,"z":0.05649999529123306},"rotation":{"x":0.11945141851902008,"y":-0.5215601921081543,"z":0.07403374463319779,"w":0.841567873954773},"size":2.211442470550537,"orthographic":false}