{"cameraMode":{"drawMode":0,"name":"Shaded","section":"Shading Mode"},"sceneLighting":false,"audioPlay":false,"sceneViewState":{"showFog":true,"showMaterialUpdate":false,"showSkybox":false,"showFlares":true,"showImageEffects":true,"showParticleSystems":true},"in2DMode":false,"pivot":{"x":-1.531919002532959,"y":1.661803960800171,"z":-0.8718048334121704},"rotation":{"x":-0.15627248585224152,"y":-0.6644784212112427,"z":0.14497528970241548,"w":-0.7162752747535706},"size":3.743804454803467,"orthographic":false}