{"cameraMode":{"drawMode":0,"name":"Shaded","section":"Shading Mode"},"sceneLighting":false,"audioPlay":false,"sceneViewState":{"showFog":true,"showMaterialUpdate":true,"showSkybox":false,"showFlares":true,"showImageEffects":true,"showParticleSystems":true},"in2DMode":false,"pivot":{"x":0.051527976989746097,"y":1.325628638267517,"z":0.022339534014463426},"rotation":{"x":-0.09725746512413025,"y":0.8310978412628174,"z":-0.15381726622581483,"w":-0.5255627632141113},"size":8.569870948791504,"orthographic":false}