{"cameraMode":{"drawMode":0,"name":"Shaded","section":"Shading Mode"},"sceneLighting":false,"audioPlay":false,"sceneViewState":{"showFog":true,"showMaterialUpdate":true,"showSkybox":false,"showFlares":true,"showImageEffects":true,"showParticleSystems":true},"in2DMode":false,"pivot":{"x":223.47830200195313,"y":120.8865737915039,"z":-248.54318237304688},"rotation":{"x":-0.09725746512413025,"y":0.8310978412628174,"z":-0.15381726622581483,"w":-0.5255627632141113},"size":3.1383841037750246,"orthographic":false}