{"cameraMode":{"drawMode":0,"name":"Shaded","section":"Shading Mode"},"sceneLighting":false,"audioPlay":false,"sceneViewState":{"showFog":true,"showMaterialUpdate":true,"showSkybox":false,"showFlares":true,"showImageEffects":true,"showParticleSystems":true},"in2DMode":false,"pivot":{"x":0.029999732971191407,"y":-0.21000003814697267,"z":0.8380002975463867},"rotation":{"x":0.046358972787857059,"y":-0.7246987223625183,"z":0.04899163171648979,"w":0.6857575178146362},"size":80.02074432373047,"orthographic":false}