{"cameraMode":{"drawMode":0,"name":"Shaded","section":"Shading Mode"},"sceneLighting":false,"audioPlay":false,"sceneViewState":{"showFog":true,"showMaterialUpdate":false,"showSkybox":false,"showFlares":true,"showImageEffects":true,"showParticleSystems":true},"in2DMode":false,"pivot":{"x":17.899999618530275,"y":53.091819763183597,"z":11.800000190734864},"rotation":{"x":-0.17342105507850648,"y":-0.1940140426158905,"z":0.03481623902916908,"w":-0.9649542570114136},"size":3.669077157974243,"orthographic":false}