{"cameraMode":{"drawMode":0,"name":"Shaded","section":"Shading Mode"},"sceneLighting":false,"audioPlay":false,"sceneViewState":{"showFog":true,"showMaterialUpdate":true,"showSkybox":false,"showFlares":true,"showImageEffects":true,"showParticleSystems":true},"in2DMode":false,"pivot":{"x":29.351831436157228,"y":46.73239517211914,"z":7.587558746337891},"rotation":{"x":-0.0020542049314826729,"y":0.9967501759529114,"z":-0.026919204741716386,"w":-0.07628130912780762},"size":22.0,"orthographic":false}