{"cameraMode":{"drawMode":0,"name":"Shaded","section":"Shading Mode"},"sceneLighting":false,"audioPlay":false,"sceneViewState":{"showFog":true,"showMaterialUpdate":true,"showSkybox":false,"showFlares":true,"showImageEffects":true,"showParticleSystems":true},"in2DMode":false,"pivot":{"x":219.32684326171876,"y":121.53340148925781,"z":-249.3887481689453},"rotation":{"x":-0.09725746512413025,"y":0.8310978412628174,"z":-0.15381726622581483,"w":-0.5255627632141113},"size":3.9697837829589845,"orthographic":false}