{"cameraMode":{"drawMode":0,"name":"Shaded","section":"Shading Mode"},"sceneLighting":false,"audioPlay":false,"sceneViewState":{"showFog":true,"showMaterialUpdate":true,"showSkybox":true,"showFlares":true,"showImageEffects":true,"showParticleSystems":true},"in2DMode":false,"pivot":{"x":-65.5880126953125,"y":-12.423365592956543,"z":31.2598819732666},"rotation":{"x":-0.3107277452945709,"y":-0.05517876148223877,"z":0.01804552786052227,"w":-0.948754608631134},"size":105.37610626220703,"orthographic":false}