{"cameraMode":{"drawMode":0,"name":"Shaded","section":"Shading Mode"},"sceneLighting":false,"audioPlay":false,"sceneViewState":{"showFog":true,"showMaterialUpdate":true,"showSkybox":false,"showFlares":true,"showImageEffects":true,"showParticleSystems":true},"in2DMode":false,"pivot":{"x":-14.09215259552002,"y":5.540971755981445,"z":-7.093909740447998},"rotation":{"x":0.34765568375587466,"y":-0.206630676984787,"z":0.07887408137321472,"w":0.9111897349357605},"size":4.357294082641602,"orthographic":false}