{"cameraMode":{"drawMode":0,"name":"Shaded","section":"Shading Mode"},"sceneLighting":false,"audioPlay":false,"sceneViewState":{"showFog":true,"showMaterialUpdate":false,"showSkybox":false,"showFlares":true,"showImageEffects":true,"showParticleSystems":true},"in2DMode":false,"pivot":{"x":-0.06499958038330078,"y":-0.11299991607666016,"z":0.8050003051757813},"rotation":{"x":-0.029268424957990648,"y":0.9619570374488831,"z":-0.24645757675170899,"w":-0.11423493921756745},"size":80.02074432373047,"orthographic":false}