{"cameraMode":{"drawMode":0,"name":"Shaded","section":"Shading Mode"},"sceneLighting":false,"audioPlay":false,"sceneViewState":{"showFog":true,"showMaterialUpdate":true,"showSkybox":true,"showFlares":true,"showImageEffects":true,"showParticleSystems":true},"in2DMode":false,"pivot":{"x":105.01980590820313,"y":45.8978271484375,"z":12.081260681152344},"rotation":{"x":-0.2532135248184204,"y":0.7167149782180786,"z":-0.3213716149330139,"w":-0.5647841095924377},"size":80.27474212646485,"orthographic":false}