{"cameraMode":{"drawMode":0,"name":"Shaded","section":"Shading Mode"},"sceneLighting":false,"audioPlay":false,"sceneViewState":{"showFog":true,"showMaterialUpdate":true,"showSkybox":false,"showFlares":true,"showImageEffects":true,"showParticleSystems":true},"in2DMode":false,"pivot":{"x":218.07000732421876,"y":121.54344177246094,"z":-249.18707275390626},"rotation":{"x":-0.26740288734436037,"y":0.6031809449195862,"z":-0.225002720952034,"w":-0.716995120048523},"size":7.294675827026367,"orthographic":false}