{"cameraMode":{"drawMode":0,"name":"Shaded","section":"Shading Mode"},"sceneLighting":false,"audioPlay":false,"sceneViewState":{"showFog":true,"showMaterialUpdate":false,"showSkybox":false,"showFlares":true,"showImageEffects":true,"showParticleSystems":true},"in2DMode":false,"pivot":{"x":50.900001525878909,"y":2.7170000076293947,"z":-3.428999900817871},"rotation":{"x":-0.007348544429987669,"y":0.9886874556541443,"z":-0.1406487077474594,"w":-0.05165553838014603},"size":7.0689005851745609,"orthographic":false}