{"cameraMode":{"drawMode":0,"name":"Shaded","section":"Shading Mode"},"sceneLighting":false,"audioPlay":false,"sceneViewState":{"showFog":true,"showMaterialUpdate":false,"showSkybox":false,"showFlares":true,"showImageEffects":true,"showParticleSystems":true},"in2DMode":false,"pivot":{"x":-0.5699999332427979,"y":2.325000047683716,"z":0.04999995231628418},"rotation":{"x":-0.17342105507850648,"y":-0.1940140426158905,"z":0.03481623902916908,"w":-0.9649542570114136},"size":16.852834701538087,"orthographic":false}