{"cameraMode":{"drawMode":0,"name":"Shaded","section":"Shading Mode"},"sceneLighting":false,"audioPlay":false,"sceneViewState":{"showFog":true,"showMaterialUpdate":true,"showSkybox":false,"showFlares":true,"showImageEffects":true,"showParticleSystems":true},"in2DMode":false,"pivot":{"x":215.33294677734376,"y":121.23029327392578,"z":-249.1588134765625},"rotation":{"x":-0.09725746512413025,"y":0.8310978412628174,"z":-0.15381726622581483,"w":-0.5255627632141113},"size":3.9541923999786379,"orthographic":false}