{"cameraMode":{"drawMode":0,"name":"Shaded","section":"Shading Mode"},"sceneLighting":false,"audioPlay":false,"sceneViewState":{"showFog":true,"showMaterialUpdate":true,"showSkybox":false,"showFlares":true,"showImageEffects":true,"showParticleSystems":true},"in2DMode":false,"pivot":{"x":213.7449951171875,"y":121.21028900146485,"z":-249.3300018310547},"rotation":{"x":-0.09725746512413025,"y":0.8310978412628174,"z":-0.15381726622581483,"w":-0.5255627632141113},"size":4.025798797607422,"orthographic":false}