{"cameraMode":{"drawMode":0,"name":"Shaded","section":"Shading Mode"},"sceneLighting":true,"audioPlay":false,"sceneViewState":{"showFog":true,"showMaterialUpdate":false,"showSkybox":false,"showFlares":true,"showImageEffects":true,"showParticleSystems":true},"in2DMode":false,"pivot":{"x":-0.18757247924804688,"y":0.4845619201660156,"z":2.8183438777923586},"rotation":{"x":-0.25327005982398989,"y":0.5832570195198059,"z":-0.19802887737751008,"w":-0.745962381362915},"size":43.69232940673828,"orthographic":false}